1360,5,3,1,1,149919
4272,5,3,1,1,424998
3592,2,3,1,2,266746
966,4,2,3,3,244020
4926,1,2,1,3,636056
3944,1,1,2,4,93262
3671,1,2,4,4,448722
3419,2,1,3,2,594893
630,2,1,4,4,652878
2185,3,1,1,4,340375
1269,1,2,3,4,653685
2891,4,3,2,1,127123
2933,4,2,1,4,849947
1684,1,1,4,2,399355
3885,1,1,2,3,481838
4617,1,2,1,4,853032
3404,2,1,2,3,208964
974,2,1,1,4,905742
1582,2,2,3,2,989305
3058,5,2,1,1,218767
2547,4,2,3,2,996357
3247,4,1,1,1,709789
1475,3,1,1,4,709966
2306,2,3,4,4,447694
689,5,3,2,1,688668
3234,5,2,2,2,527032
3505,4,3,2,2,745494
2399,2,1,1,1,513179
1767,3,3,1,4,948212
2028,2,1,1,1,206547
3702,1,2,3,4,902609
4056,2,2,3,1,727090
4390,1,1,4,4,202185
1146,1,3,1,1,725371
3388,3,2,2,3,105746
2935,4,2,2,4,959507
1100,2,3,4,2,748213
2863,1,3,2,1,921627
2561,2,1,4,2,873250
741,4,3,1,1,218393
2541,4,3,2,2,333453
3324,5,3,1,2,986192
3112,4,1,3,1,340320
1863,3,1,2,1,643167
1978,1,2,3,2,641880
3056,5,1,2,2,396872
1275,3,2,1,2,270084
4514,2,3,4,4,976920
534,1,2,1,4,771782
3652,4,2,1,3,845016
2455,1,3,1,4,698843
2085,2,2,2,4,405446
4443,5,1,4,1,958840
3573,5,1,3,3,593118
1521,5,1,1,3,266897
3961,4,1,2,4,826522
3113,3,2,3,1,913498
4343,3,2,1,1,840023
2000,1,3,3,3,143878
661,4,2,1,1,175407
4797,5,2,3,2,691157
2481,5,2,3,4,307716
1495,2,3,4,2,857827
3842,2,1,4,3,66738
4298,5,2,1,3,183703
1775,5,3,2,1,723265
1516,4,3,4,1,593344
837,3,3,3,3,815034
1378,2,1,4,3,560241
1576,3,2,4,2,433800
4493,4,3,1,2,689604
879,5,1,4,1,740807
992,3,3,4,2,628706
2562,5,3,3,1,873622
4384,5,3,4,1,76014
564,1,3,3,4,778359
3068,3,3,4,1,813277
2527,3,1,4,2,231350
3195,5,2,2,3,961995
1995,4,2,4,3,838212
891,1,2,3,2,534859
4974,5,2,3,3,764618
4061,2,1,1,1,540339
2778,2,1,1,3,92192
3599,1,1,2,2,941307
700,4,3,3,3,411273
3604,5,3,3,1,93923
2954,3,3,3,1,663484
4145,1,2,2,2,576683
1304,4,3,3,2,414593
3231,3,2,1,2,433891
3273,2,3,2,4,802744
2070,2,2,1,4,458995
3190,3,3,1,1,645316
4340,1,3,2,4,997226
1528,2,1,4,4,450327
1002,5,3,4,3,816751
4993,3,3,1,4,715344
1370,3,1,4,3,929608
4988,2,2,3,2,777688
706,1,1,2,3,305315
1984,5,1,1,3,339068
1363,1,2,3,2,495919
3290,4,3,4,2,344721
1063,4,2,3,1,188783
4691,2,3,4,1,659836
2257,2,3,1,1,307288
2178,2,2,3,1,543085
3742,4,1,2,3,545187
1559,1,2,1,3,699381
2222,1,3,3,1,285835
3814,2,2,3,4,971600
3657,5,2,4,1,902987
3125,1,3,1,4,401992
3229,4,1,1,2,256084
2097,3,2,1,3,844686
3560,3,3,1,3,437554
3193,3,3,4,4,803315
4127,5,2,2,1,520336
1863,2,1,1,3,973469
2481,4,2,4,4,258072
2163,5,1,2,2,298029
2029,4,1,2,2,259047
2538,4,1,4,3,415169
3802,2,1,1,1,180509
2737,3,2,2,4,812072
1806,2,3,1,3,345107
4529,5,3,1,2,577561
3175,5,3,3,1,589618
1782,5,3,1,4,202566
1209,2,3,3,3,650710
4913,4,3,2,4,958521
4248,4,2,4,1,53212
1163,1,1,3,1,282131
2498,5,3,4,2,526657
3945,4,2,2,1,661882
4243,1,3,1,3,182152
1995,4,3,2,4,344819
3804,5,1,4,1,72007
4263,3,1,2,1,688093
2353,5,1,1,3,394785
1791,2,3,2,4,670103
4081,4,3,1,4,883247
3957,4,3,3,2,919914
2136,2,1,4,2,837071
4196,2,2,1,4,375737
3499,3,3,1,3,562164
3652,4,3,2,3,128038
1198,4,3,3,2,406043
2660,3,2,1,1,840168
4597,1,3,3,3,827794
1354,3,2,3,1,66473
3974,5,3,2,3,703059
2207,4,2,1,4,175801
3277,2,3,2,2,944030
2233,5,1,4,1,660911
4010,4,1,4,1,558252
702,3,1,1,4,275097
3755,5,1,3,3,348964
4718,4,3,1,1,265933
4996,1,1,1,3,369733
1266,1,2,4,4,771167
4889,2,1,4,2,330558
2827,4,1,3,1,439522
3431,1,1,3,3,74220
697,3,3,1,1,634819
2430,4,1,2,3,422146
4082,3,2,1,3,557409
1108,3,1,3,3,747785
3772,1,1,2,4,59387
1647,4,1,4,2,295752
4782,5,2,3,1,651103
3897,1,1,3,2,601872
3011,1,2,2,3,619071
2294,4,2,3,3,745169
1159,4,1,3,2,759687
3311,3,2,3,2,698782
1869,4,3,3,1,690102
2486,3,1,3,3,300139
646,1,1,3,2,967184
3719,2,2,3,4,550228
3411,5,2,3,3,716217
2234,1,1,4,3,747621
2343,4,3,3,1,910020
988,5,2,4,4,984499
3476,2,2,4,1,296509
2459,2,3,1,4,63580
2885,3,3,1,1,592528
3419,5,1,4,4,828639
2302,3,3,4,4,395590
4561,1,1,3,4,518968
3869,5,3,1,2,940965
762,1,2,2,3,828559
1123,3,1,1,4,533663
1516,5,1,4,2,478082
4143,3,1,4,2,655262
2549,5,3,3,1,647689
4223,3,2,3,3,263165
3608,2,1,1,3,455427
4590,3,1,3,1,502201
2556,2,1,2,3,214340
3670,3,1,2,1,840078
2182,5,2,3,2,760731
2755,5,3,2,2,822411
1654,5,2,2,4,354960
4999,4,1,1,1,139460
3691,1,2,2,2,356256
2196,5,1,4,2,101048
4491,2,3,4,1,780806
2148,5,3,1,2,182850
1945,4,3,3,3,882184
4699,2,1,1,2,528193
4423,4,2,3,1,907158
753,2,3,3,3,786200
3683,3,1,3,3,994793
3057,1,1,3,2,356932
598,1,2,3,4,316891
2700,4,3,1,3,574333
3461,1,1,3,1,582046
4933,4,2,2,4,829685
4277,4,3,2,4,961508
3369,4,2,3,3,728797
3734,1,2,2,2,724945
4291,4,1,4,4,190926
1456,1,1,1,2,233148
4567,4,1,1,3,893382
660,5,2,3,1,722709
4993,4,1,3,4,801588
1800,2,2,4,1,726708
4487,4,2,3,2,215368
2027,3,1,2,2,544496
1718,4,3,4,1,69455
4996,2,3,2,3,784184
3604,2,3,1,3,515139
3235,1,2,2,4,281897
1454,5,2,1,4,482509
3946,4,2,2,3,542646
1545,1,1,1,3,662840
2193,5,2,3,1,882548
3936,4,1,2,2,432605
1062,3,1,1,2,614772
2985,4,3,2,4,997719
3854,2,3,4,3,393782
725,2,3,3,1,708764
1459,3,1,1,4,218332
3567,1,1,4,1,150647
1315,5,1,2,3,639930
3620,4,2,4,3,786091
516,2,1,2,3,882441
1743,1,3,3,2,178824
2705,3,3,4,3,823202
3024,2,1,3,4,866037
1569,3,1,1,2,685167
3944,4,3,2,1,695115
3065,5,1,2,4,317724
1560,2,3,3,4,951334
2827,2,2,3,1,317544
3920,4,3,1,2,745003
801,1,2,4,4,801545
4776,5,1,2,4,932464
1106,2,1,2,4,177319
3670,5,2,1,2,562193
1199,2,1,1,2,529389
1639,5,2,3,2,156960
690,3,1,3,4,89015
2800,2,3,4,3,383857
1480,5,1,1,1,778165
3475,1,3,4,3,982478
1684,3,3,1,2,195109
3827,3,2,2,4,527508
3894,1,1,1,4,836351
627,5,2,1,3,983671
2565,4,1,2,3,138754
2316,1,3,1,1,271775
1069,5,3,4,4,355292
2395,1,1,3,3,777513
3233,1,1,3,1,726894
4363,2,2,4,2,796355
4514,5,1,2,3,959222
3401,4,1,1,2,922510
2186,2,1,4,1,106879
3509,1,2,3,2,169894
654,1,1,3,4,640127
3037,1,3,4,4,79756
1909,5,2,3,2,718043
4557,5,2,4,4,230557
1284,2,3,3,1,279303
3675,4,3,4,4,454241
4841,2,3,1,2,724075
3306,3,1,1,2,541599
1037,1,3,1,2,545283
2341,1,1,1,3,667231
2955,1,2,3,2,792476
1024,2,2,2,1,198188
3450,2,3,4,4,611032
4631,1,1,2,4,174697
4615,2,3,3,3,530795
2868,5,3,3,3,690360
4347,5,1,2,1,445340
4995,2,3,2,2,286028
3201,1,2,3,3,743411
1471,2,3,3,4,57176
1666,2,1,4,3,927742
3274,2,1,1,3,826653
2482,3,2,1,2,508034
1353,5,1,4,3,563611
4646,4,1,2,1,199748
4236,4,2,3,4,95177
4269,3,3,2,2,533512
1074,2,2,1,4,160623
3761,3,3,1,1,575285
1648,3,2,2,1,502546
2215,1,3,1,3,546184
4354,5,2,3,3,694467
2991,4,3,4,3,297439
3160,2,2,2,4,694691
3624,4,3,3,1,978735
3551,4,2,3,2,145287
504,5,1,1,3,169574
1376,4,3,3,4,830751
1491,4,2,2,3,171509
4642,3,3,3,1,397591
4864,5,3,4,2,945954
4965,1,2,3,1,499181
1135,2,3,3,4,393288
2193,4,2,4,3,822793
2182,2,1,3,1,242589
619,1,3,3,4,929125
1330,2,1,1,3,406459
4175,1,3,2,2,538720
1869,3,3,1,1,863819
1240,4,3,2,3,54090
616,1,2,4,3,957278
3338,2,1,4,3,468161
1650,4,3,4,3,876671
2431,3,2,2,1,53743
1512,4,3,2,3,80924
2164,1,2,2,4,191268
1581,3,3,4,1,966592
1012,2,1,2,3,928247
3349,3,1,3,1,679600
1059,3,3,1,4,381004
4172,5,2,4,4,790537
3843,3,3,1,1,798378
4570,3,2,3,3,279602
1970,4,3,2,3,392543
1080,2,2,1,4,885227
2794,4,1,3,3,887985
3647,4,3,3,4,558928
4749,1,1,1,3,153976
2179,4,1,4,4,205183
4006,5,3,1,2,687854
3244,5,3,4,3,307443
3856,1,2,2,3,694256
4545,2,2,4,3,111600
1743,2,1,2,1,624310
3618,4,2,1,3,708559
2641,4,2,2,1,887329
3559,4,3,3,1,874470
3459,2,2,2,4,173323
2765,3,1,4,1,236110
2979,5,2,4,1,694566
2135,3,1,4,2,947486
2257,3,3,2,3,320041
4952,2,1,4,1,638829
2570,3,2,4,3,156968
3349,1,3,3,1,589180
3751,4,2,2,4,975775
4230,1,3,3,2,74815
2989,5,3,4,1,882044
2131,4,2,4,3,476573
3316,3,2,4,4,518304
1515,5,3,2,3,852699
1848,4,3,1,4,854700
3587,3,2,4,2,688751
3339,1,1,4,4,981767
835,4,2,4,3,514151
1395,3,3,4,3,931779
4046,1,2,2,1,240732
1351,5,1,1,4,246599
2187,5,2,1,3,244451
2431,5,3,1,1,406686
4246,5,2,4,2,746631
2927,2,3,4,3,378756
2068,4,3,1,1,188307
4500,4,2,1,3,138757
3238,2,3,4,4,459633
3998,3,3,4,1,934507
4413,3,1,3,4,346753
1566,5,1,3,2,939217
4880,1,1,3,4,304200
2944,3,1,1,1,597933
4607,1,3,2,3,506089
3873,4,2,4,1,769918
4469,1,3,3,4,374377
3046,4,3,2,4,423587
1253,2,3,4,3,204473
2582,2,2,2,2,844203
3274,5,1,1,1,517667
3396,3,3,1,3,522650
4685,5,3,1,3,510665
1275,4,1,3,3,414745
2125,5,3,4,1,535820
3569,1,2,1,1,445158
917,4,3,3,1,725748
614,2,3,3,2,961656
1116,3,1,3,3,657539
4474,4,3,3,4,631330
3767,4,3,1,4,890172
1325,1,2,3,3,246945
2016,3,1,1,4,621312
3646,2,1,1,2,728810
912,4,2,3,2,631253
1228,4,3,1,1,322201
3848,1,1,4,1,798609
3308,5,1,4,1,845415
1175,2,3,2,1,442613
3965,3,3,4,1,594283
3004,4,1,1,4,164587
3467,4,3,1,4,283076
3286,2,1,4,1,796988
1622,5,3,3,2,520897
4579,4,3,3,4,88886
2071,2,2,1,2,401169
2643,1,3,3,2,539788
2187,5,2,2,3,145149
4632,3,3,2,3,668308
4351,4,1,4,1,576961
3940,2,1,4,2,913945
4266,1,3,3,4,73466
2826,3,3,1,3,287626
3414,2,1,4,3,928977
4452,2,3,2,2,559966
1095,3,2,4,3,624694
1228,1,2,4,3,446904
1865,1,2,2,4,643572
4992,5,2,1,2,810006
1198,4,2,4,3,951011
895,3,3,4,2,587953
4671,3,3,4,3,594929
4860,3,2,3,4,475716
3002,1,3,4,2,610085
2319,4,3,2,3,790126
1217,5,2,1,4,358094
3282,2,3,1,3,992550
4077,2,3,2,2,965986
643,3,3,3,3,676627
3640,4,2,2,2,687719
4991,1,3,1,2,282275
3438,4,1,2,3,452854
4136,4,1,3,4,857605
3722,1,2,1,1,718582
1667,3,1,3,4,231136
3116,4,2,2,4,218082
1562,2,1,4,3,303301
2656,1,1,2,4,592383
3482,5,1,3,4,173554
3794,3,2,2,1,444655
1656,1,2,4,4,962046
1232,5,3,3,1,809277
4830,5,2,2,3,528766
1453,4,1,3,1,972879
3039,4,1,3,2,663311
3824,4,2,1,2,681469
3801,1,2,1,1,272310
2042,1,2,3,2,857032
1691,3,3,2,3,838898
3493,4,1,2,2,830637
3181,5,3,2,1,549344
1717,2,3,4,3,750457
2040,3,1,3,2,946366
3736,1,1,3,3,627564
2886,3,2,4,1,493333
4219,3,2,3,2,490187
1888,3,3,3,3,319072
2356,3,2,4,3,891741
1865,2,2,1,2,255719
999,4,1,3,3,746248
2180,5,1,4,3,800385
1010,3,2,2,1,749192
4812,3,1,1,1,166196
1824,3,2,2,1,59404
1655,4,1,3,1,476855
2327,1,1,1,1,783478
3641,1,1,4,1,503814
3986,2,1,3,2,687475
2310,1,2,4,1,946881
3423,3,3,1,3,601972
2714,3,1,2,2,642879
4686,3,2,3,3,431965
1213,2,2,3,1,783082
4102,3,1,4,1,314826
4634,1,3,1,3,161186
4022,4,1,4,3,817469
4768,4,2,1,3,596120
1743,5,3,3,4,591285
4209,1,2,1,4,346784
1581,3,1,3,4,520098
955,4,3,1,4,90491
1394,1,2,2,2,113043
1884,4,2,1,1,948607
2458,3,2,2,3,178568
3572,4,1,1,1,426394
2496,5,3,1,3,647013
4785,5,1,4,1,178131
1004,4,1,4,2,95520
1714,1,1,3,4,375063
2031,1,3,4,1,684157
3940,1,1,1,3,638730
1323,4,1,4,1,835313
1428,1,1,1,2,202842
633,3,1,2,2,417390
2605,5,2,1,1,752858
4127,3,1,3,4,421831
2352,1,2,2,3,572485
4675,3,1,3,2,697735
3433,1,3,3,2,635765
3784,4,2,3,1,574532
4798,3,2,4,2,915885
3311,4,2,3,2,500953
1750,4,2,2,3,227561
4012,2,3,1,4,964394
1756,1,1,3,3,907735
3876,5,2,2,4,340534
3986,1,3,3,3,584535
4084,5,2,1,1,250123
1896,1,1,2,2,765079
4137,4,2,2,4,477894
3830,3,3,1,1,531018
3203,3,1,2,2,257358
970,2,3,1,2,866015
1853,5,1,2,2,566456
3283,5,1,2,3,189148
3331,5,1,1,1,985510
857,4,2,1,1,196123
3519,5,3,2,2,447530
1167,3,3,2,4,602958
4968,4,3,1,1,543973
1645,1,1,4,3,961352
4685,5,2,1,4,60236
4219,5,1,2,4,85568
3245,1,3,2,4,681615
1039,5,2,2,4,305745
3279,1,2,1,1,422332
4636,4,2,2,2,535119
4275,3,3,4,4,328496
3008,1,2,3,3,700009
3279,2,2,4,3,309291
1424,1,1,1,2,488866
3456,5,1,2,1,453562
2081,4,2,1,2,730516
3824,4,2,3,4,105904
4985,1,1,1,1,981539
755,3,1,2,1,958573
2338,2,1,3,4,328252
2444,4,3,3,3,572247
509,5,3,2,4,839285
3371,5,1,2,2,396300
1297,3,2,2,4,316320
1515,4,1,1,3,674747
2324,1,3,4,4,469136
4969,5,2,1,2,235922
3636,3,3,1,2,187901
2693,4,2,4,3,173225
723,4,3,2,2,543406
4658,4,2,2,2,810135
4425,4,2,4,4,271738
4500,4,2,4,1,954890
2133,5,2,1,2,685181
2652,3,3,3,2,910359
1010,4,3,4,3,528076
884,2,2,1,3,954610
904,2,2,3,4,292726
2500,3,3,2,4,352811
3256,1,2,2,2,771202
2168,1,2,1,1,479059
1960,1,2,1,1,756168
4136,2,1,4,4,473759
3224,1,2,2,3,515996
4678,5,1,1,2,56611
2548,4,2,2,2,400386
4646,2,3,2,1,921044
1216,3,1,4,4,883334
2323,3,1,3,1,821812
2581,4,2,4,1,345187
3919,2,2,1,4,186343
2074,1,1,4,3,909299
749,1,3,4,2,389233
1173,5,3,2,3,895177
2665,5,2,4,4,540092
1270,1,3,1,4,240191
4462,3,3,3,2,716933
4863,3,2,4,3,726769
2484,5,3,4,2,922402
1577,4,2,3,1,336608
735,1,1,1,1,299220
888,5,2,1,1,486056
3537,5,1,4,3,692811
2348,1,1,2,1,594950
3314,1,3,4,2,854660
3874,3,3,3,3,635009
3778,4,3,3,2,712746
1752,4,2,3,4,843294
4481,1,3,4,3,614396
2622,2,1,4,2,141788
2650,5,3,1,2,518239
1829,5,3,2,3,294437
1858,1,2,4,4,811299
2982,2,2,1,3,916572
2517,3,1,4,1,732561
1831,1,2,1,1,905010
4844,1,3,1,4,99966
4761,5,2,2,2,235846
1858,1,1,4,2,322530
3677,1,3,1,2,651516
2628,1,1,3,3,196297
2680,5,2,3,3,459909
637,3,2,3,4,384341
3972,3,1,2,1,93021
3332,1,3,1,2,431059
4079,5,2,2,1,199333
3531,3,2,4,3,470594
4664,3,3,4,3,953606
3093,3,2,1,3,826934
4800,5,1,3,1,136755
4318,5,2,1,4,979441
4638,1,2,1,4,116330
4323,4,3,1,3,752726
4542,3,1,2,2,908754
2406,4,3,4,1,938750
1260,5,2,1,3,619601
3945,5,2,1,1,284729
1399,5,3,1,1,807071
4955,4,3,2,4,339176
3447,5,3,2,3,535179
2219,1,1,2,4,198430
780,5,2,1,3,898142
3766,2,3,3,1,407470
2387,4,2,3,4,398301
3766,2,1,3,1,492037
1166,5,1,4,3,78365
4688,1,1,1,2,325333
1171,3,1,3,4,519965
2469,5,2,3,4,581536
4656,1,1,3,1,54369
3622,4,1,1,1,506979
4400,2,3,3,2,975554
1023,2,1,3,4,865037
2893,2,3,1,3,886048
3617,4,1,4,3,497695
3093,1,1,2,4,415863
2468,4,3,3,4,221955
2253,2,1,2,4,607343
2796,5,2,4,2,774091
2761,3,2,4,3,428824
2786,4,1,3,3,319594
4702,4,2,1,1,183997
3378,1,3,4,1,523267
4643,1,1,2,4,100272
4144,4,1,2,1,55310
4932,2,3,2,2,81817
2555,3,3,2,3,558350
1776,1,3,4,3,536160
3266,2,1,3,1,487744
802,5,3,3,4,790176
1138,1,3,2,1,132641
555,2,2,3,4,789443
1025,2,2,2,2,781670
4623,3,1,2,3,589745
2625,3,2,1,2,92311
3787,5,2,4,3,971484
864,2,3,4,2,201958
2146,2,3,2,1,520328
1418,3,2,4,2,494093
3297,1,2,3,2,697861
2031,1,2,2,1,409571
3845,4,1,1,3,872613
2406,3,1,3,3,214334
3586,4,1,1,1,968451
2575,3,2,1,2,443238
1213,5,2,4,2,837560
1562,2,1,4,2,653810
2476,5,1,2,4,213394
1796,3,2,4,3,98929
625,2,3,1,2,655984
4096,1,1,1,3,427389
3783,1,2,3,2,846240
2103,4,2,1,1,669436
566,3,3,2,1,496098
732,3,2,2,3,858157
2656,1,2,4,3,384678
1669,5,1,4,1,352094
2658,2,1,4,4,794314
4706,5,3,2,1,133576
1993,5,3,1,2,70557
4507,1,2,4,4,596113
2972,1,1,3,1,321142
3160,1,3,4,4,86080
3239,4,3,2,4,833103
2261,5,3,4,4,238869
4014,3,2,1,3,721162
2475,2,1,4,1,978671
2862,4,3,2,3,543844
1376,3,1,2,3,616695
4312,5,3,3,2,170283
3948,1,3,2,2,63338
1812,5,1,3,4,650577
1960,2,1,1,4,514736
3209,4,1,2,2,724255
2824,4,2,4,2,228982
2233,2,3,1,1,967461
2105,3,2,4,4,159367
3063,3,1,4,4,378042
3921,4,3,4,2,970958
4017,4,2,1,1,691774
2897,1,3,1,2,398684
4235,3,2,2,2,544775
3370,2,1,4,3,788497
1660,3,2,3,4,493853
742,1,3,2,1,830343
3090,4,3,1,3,710709
1563,4,3,3,4,961848
4824,1,3,1,2,876395
3095,2,1,3,1,450966
1419,4,2,2,4,407073
505,5,1,3,2,727823
967,4,1,2,3,649223
4670,5,1,1,1,764152
503,1,3,3,4,850118
1145,1,3,4,3,549555
617,4,3,4,2,113528
3428,3,2,1,2,674099
3051,5,3,3,4,558907
4789,2,2,4,2,334931
1346,4,3,2,1,982280
3262,2,3,3,4,427757
1641,4,1,3,3,762787
2310,3,1,4,4,834429
1223,3,1,2,4,154887
724,3,2,2,3,111086
4708,3,2,2,2,938663
2548,1,3,3,3,305494
4915,1,2,1,1,558889
2073,5,3,3,2,637596
2328,2,2,3,4,327941
2417,4,2,4,2,317446
4734,4,2,1,2,506388
2526,1,1,2,1,612347
4244,4,2,4,2,181980
1401,1,1,3,2,765612
2539,5,1,1,2,523875
509,2,2,2,4,193949
760,5,3,2,2,326383
2173,3,3,3,3,77313
2719,3,3,2,2,92103
2560,3,2,2,1,229480
4213,5,3,1,2,526467
2119,4,1,4,2,138771
820,2,3,1,4,176228
1842,3,2,4,3,141665
2876,3,3,4,2,846966
3332,3,1,4,3,879492
3324,2,2,2,1,853621
2494,3,3,1,4,964863
3458,2,2,2,3,660355
2538,3,2,3,4,847399
3990,5,2,1,2,787351
4177,5,3,4,1,901995
1618,2,2,2,4,320804
2104,5,3,2,2,430815
4527,2,1,1,3,534091
735,5,3,1,1,179909
2469,5,1,4,1,483039
4929,2,3,4,3,499058
2408,4,2,3,3,190688
875,5,3,4,1,125976
4030,3,2,2,4,807496
3135,4,1,3,1,229810
2070,2,3,3,3,325251
3060,4,2,3,4,766764
3891,1,1,1,2,668470
3465,1,1,4,1,817441
4143,5,3,3,3,928219
4350,5,1,1,2,852386
1372,3,2,1,1,329087
1752,4,1,3,1,90725
1814,1,1,3,4,881866
3398,5,2,2,3,922183
577,4,1,3,2,584398
3121,5,1,2,1,548864
4727,5,1,3,4,328606
1100,1,1,3,2,391376
1565,1,2,4,2,759441
2636,5,1,3,1,496015
2949,2,2,3,2,640855
2843,5,1,2,1,532517
2363,5,1,2,4,756584
1818,3,1,4,4,439569
4097,3,1,3,2,892495
4262,3,2,3,1,163394
2690,2,2,2,3,891672
1492,2,2,1,4,917784
3212,5,3,1,1,198940
2692,3,1,1,1,393133
1748,2,1,2,1,72222
3554,1,2,2,2,129794
4533,5,3,1,3,638212
2497,4,1,1,2,674142
4187,5,2,3,4,914945
2651,4,1,2,2,834326
4518,3,1,2,1,891081
3610,4,2,1,2,415130
2470,3,2,1,1,818103
697,1,1,4,3,920181
3126,4,1,2,2,283127
1702,5,2,4,2,554434
2535,3,1,3,2,191295
977,5,1,4,1,229238
1754,2,2,1,1,89369
1422,3,1,2,2,922811
919,4,1,2,2,905824
2704,3,3,4,3,849093
3097,5,2,4,3,720951
1620,1,3,3,4,383862
3568,3,3,3,3,760595
1450,4,3,1,3,320114
2836,2,1,1,3,97922
2743,1,1,1,1,543614
3145,2,3,4,3,867187
2357,3,3,4,3,695214
2365,5,3,2,2,69416
3412,5,1,1,1,63672
3353,4,3,4,4,526684
3728,5,3,2,4,178145
4219,1,2,1,3,752356
3728,5,2,3,4,910527
2871,4,1,3,4,50064
3391,3,2,4,4,118835
4256,3,2,2,3,251457
4725,5,2,3,4,973143
594,2,1,2,3,297795
3174,3,2,2,2,454271
2455,5,1,3,2,399738
1293,4,3,2,4,996931
2334,5,2,3,2,691204
2616,3,1,4,3,956740
4606,4,2,1,2,918948
3825,5,3,1,4,901098
3419,1,1,4,3,245346
3097,4,1,3,1,954726
3705,1,1,3,3,323010
1314,2,3,3,2,53889
845,4,3,3,1,168194
2849,1,3,4,3,174714
862,3,1,1,1,605623
2943,3,3,2,1,100547
2765,2,2,2,1,207234
2688,4,3,1,3,794809
3505,4,1,4,2,730047
3781,4,2,2,3,935188
1484,2,3,1,2,323139
2139,4,2,4,3,499704
1327,3,2,2,3,52631
3230,1,1,3,3,187039
4031,3,2,3,2,924726
4951,3,2,4,3,399422
3435,1,1,3,1,638759
4376,3,1,4,3,349260
626,2,1,1,1,928548
3677,1,2,1,4,477443
3556,3,2,2,4,707302
1103,5,2,4,2,621952
3949,3,1,2,2,733429
4646,2,3,2,4,137342
4033,4,2,1,3,64407
3867,3,3,2,3,163926
3868,4,1,3,3,371345
4297,5,2,2,4,916525
2292,3,3,4,1,497564
3361,1,2,3,2,787341
3976,4,2,1,1,592166
3917,5,2,4,4,133100
2145,1,3,3,1,915061
1705,1,1,4,3,498636
3530,1,2,3,3,544308
3372,1,1,4,1,273059
3572,3,1,4,4,617456
2354,3,3,3,1,300396
4521,3,3,1,3,824769
3208,5,1,1,3,367006
4002,5,2,4,4,78004
1832,5,3,4,1,856903
701,2,2,1,3,574252
4007,5,2,1,3,666108
4712,3,2,2,1,241239
1074,3,1,1,1,676517
1036,2,2,4,2,527044
2125,2,1,3,4,901740
2622,5,1,1,4,396113
885,4,2,2,1,64568
3781,2,2,2,4,583754
974,1,2,2,3,272129
917,3,2,3,1,631612
4100,1,1,1,1,938640
1454,3,2,1,1,196539
1705,3,2,1,2,650243
4620,2,1,3,4,197748
2490,2,3,3,2,144791
4072,1,3,4,3,736874
4880,3,1,2,4,945150
4658,1,3,2,2,596938
3213,4,1,1,1,400434
2703,1,2,3,2,127701
3620,5,2,3,1,847115
1466,1,3,1,2,279164
3932,5,2,1,2,503035
1188,5,3,4,2,655266
4743,5,3,2,1,579148
4201,4,2,2,2,709089
841,1,2,2,4,605639
2224,1,3,4,4,555920
4922,4,2,1,4,374888
2292,3,1,1,1,729706
2259,2,2,2,1,956630
3712,1,2,2,4,910587
1489,2,1,4,4,171449
2762,4,2,3,4,650988
2982,3,2,3,3,809774
1451,3,3,2,4,843387
1222,3,2,4,2,307571
3889,4,2,2,3,513506
2579,5,1,3,3,487509
3217,5,3,2,1,766696
2832,2,3,3,2,858094
3876,5,3,3,1,580696
2000,5,2,3,1,745763
785,3,3,1,2,313369
3995,3,1,1,1,979700
2565,2,3,2,2,513002
1268,1,1,3,2,196444
3557,2,3,1,1,831608
4789,2,3,2,4,591567
2661,4,1,2,1,160401
3793,4,3,2,3,276801
1446,2,3,2,1,821668
3835,2,3,2,2,553575
4650,2,2,4,3,928836
1981,5,1,3,2,219259
2401,4,3,2,4,297145
3951,2,1,4,4,360625
4564,3,1,3,3,733835
554,3,1,1,4,94552
2323,5,3,2,4,249041
3962,5,3,4,1,257606
3579,1,1,1,1,804965
1332,1,2,4,4,836157
4908,1,1,3,4,450074
3306,5,2,3,1,779846
2990,5,1,1,4,124474
827,5,1,4,4,337312
3810,3,1,2,2,606387
3800,5,3,2,4,252252
4175,3,2,1,3,814742
3554,1,2,1,2,373599
2643,1,1,1,3,628528
1811,1,3,4,4,386940
3691,2,3,2,1,891024
3038,2,2,2,2,835034
4483,4,3,2,1,434325
664,4,2,1,2,302051
4777,4,2,2,1,151611
1322,2,2,3,2,632334
1443,2,3,1,2,824756
4925,4,2,2,3,66488
1274,4,2,4,1,239913
2698,5,1,1,3,430665
3656,4,2,3,3,967899
4742,5,2,3,1,758029
4195,3,1,4,2,716205
3952,2,1,4,3,741419
1414,4,3,1,1,68394
1808,2,2,1,2,930425
4677,2,3,3,3,226978
1013,2,3,4,3,109332
2420,3,1,1,3,218377
4094,1,3,3,2,92628
1909,4,2,4,3,857784
3690,1,1,3,2,529898
4991,1,2,2,4,919403
2055,1,2,4,3,101993
1304,2,1,1,4,220458
1779,5,2,1,1,939459
4077,2,1,2,3,500281
3401,2,2,4,1,956644
1887,1,1,3,1,528720
3261,2,3,1,1,556357
3179,1,2,2,4,58539
2606,5,1,2,2,182335
4723,4,2,4,4,456521
3268,1,2,4,4,890249
4453,5,2,1,1,991902
3686,4,1,2,3,290310
3780,3,3,3,2,256873
3073,1,3,2,1,361251
3099,1,3,3,2,999656
4533,3,1,3,4,536476
736,3,3,1,2,998128
1804,1,1,2,2,965672
3930,3,2,3,3,411799
1801,2,2,4,1,630420
3041,4,3,3,2,962133
2551,4,1,4,2,155494
941,4,2,4,4,889411
2576,2,1,2,4,894445
3680,3,1,4,2,275997
3157,5,2,3,1,638085
4298,3,1,4,2,101798
1304,1,2,2,2,722010
574,4,2,1,3,469230
2675,3,2,3,1,650709
4424,5,1,3,3,319578
2589,1,2,2,1,866460
540,2,1,2,1,640846
2581,2,2,2,1,860763
2122,5,2,2,3,117573
841,1,3,3,3,703761
4552,4,3,1,3,517508
2574,3,3,4,4,227398
1145,1,1,4,3,395123
4763,2,1,1,4,840555
1109,5,2,1,4,328747
954,5,2,1,4,378085
3453,3,2,2,2,92597
2208,5,2,3,2,768598
3972,5,1,3,2,920670
3469,1,2,3,4,485935
3528,4,2,2,4,797146
3181,3,3,3,1,353895
4129,1,2,2,4,962894
4725,4,2,3,2,136978
3567,1,2,1,4,329837
1886,1,1,4,4,532757
4276,5,3,4,1,218769
3366,4,2,2,4,406668
3863,3,2,3,3,410013
4624,3,3,4,1,735352
648,4,2,1,4,375969
4350,5,1,1,4,714882
2558,2,2,1,1,442619
1636,1,1,2,4,881838
686,5,1,2,2,288078
3354,4,2,3,3,290140
1750,1,3,1,3,717481
1833,3,1,3,2,697659
4693,2,3,3,4,457435
4650,3,2,1,4,838049
3211,4,1,3,3,93016
2285,1,2,4,4,493888
1250,4,3,2,3,336420
2262,1,2,3,3,805247
4420,5,2,1,2,384384
4960,2,1,2,3,942724
981,5,2,2,4,236807
653,5,2,3,4,592247
2024,4,2,4,1,602810
2620,2,1,3,4,499303
2843,1,3,4,1,453169
1740,1,3,2,3,76567
560,3,2,3,4,503739
1438,1,1,1,2,112708
2139,4,2,3,2,176206
4620,5,3,4,2,596848
4726,5,1,4,3,632678
4069,5,3,3,3,700060
1752,2,3,4,1,511365
4703,1,1,2,2,357248
671,4,1,3,1,632093
1958,2,2,4,1,286109
4049,3,2,3,4,545951
4697,4,3,3,4,336640
2822,4,1,1,2,788661
2136,4,1,3,3,141257
3615,5,2,1,4,53515
4590,4,3,4,3,578742
3504,1,3,1,1,287145
829,4,2,1,1,72873
4140,5,1,1,1,910352
4394,4,2,2,1,325871
4607,3,2,1,2,702664
1841,3,2,3,1,643358
4163,5,2,1,4,935491
715,1,1,3,1,698852
838,1,2,1,3,278497
4562,2,1,2,4,691501
3208,5,2,4,3,755339
3652,4,3,1,3,599753
2250,5,1,1,2,234972
2921,2,3,2,2,634087
1209,5,2,1,3,560237
4226,5,2,3,3,670417
4142,2,2,1,1,464546
4493,1,1,1,4,713662
988,4,3,4,1,419432
546,2,1,4,2,293761
3859,3,1,1,2,292821
900,1,2,2,1,62875
4490,3,3,4,4,601507
3657,1,2,1,3,872614
4845,4,1,4,1,785901
890,4,2,1,2,485485
4353,5,3,4,4,391925
4930,3,2,4,2,56457
1128,1,3,3,4,974253
4732,4,3,1,4,83064
3430,2,2,1,4,977325
2021,4,1,1,1,689544
1326,2,2,1,1,934729
2000,1,1,4,1,808947
3794,4,1,3,4,259727
2919,4,2,3,4,975168
1434,1,1,2,2,210353
3542,4,1,1,3,832351
4997,2,2,2,1,286887
1966,4,2,4,4,475037
4061,3,2,2,2,809129
1114,5,1,1,2,992151
1682,2,3,3,2,644206
3723,3,1,3,1,263057
3167,1,3,1,1,526015
630,2,2,4,3,926611
3483,5,3,1,2,387088
4778,5,2,4,1,139142
4959,1,2,3,2,77603
538,1,3,4,4,882890
4459,2,2,1,2,120605
4087,4,3,1,3,331767
1420,1,2,1,1,618728
3269,4,1,4,4,918859
4611,3,1,4,1,975208
992,5,2,4,4,405970
1631,4,2,3,2,339604
4021,5,3,2,2,264117
810,4,1,2,3,788165
1238,3,3,1,3,516727
3741,1,2,3,4,160373
1045,3,2,4,3,974069
2961,1,3,1,3,317014
4846,1,2,3,3,68909
2304,5,1,1,3,321261
3712,3,3,3,2,299975
4310,4,1,3,3,903906
1313,3,1,2,2,668214
4624,5,1,1,2,487538
2532,1,3,4,1,177463
4913,5,2,2,2,151536
744,2,1,2,2,856560
771,2,1,4,3,301981
4011,4,1,3,2,540533
2271,5,2,4,4,381145
1762,4,2,1,3,836872
2924,4,3,4,3,230685
4861,2,2,3,3,697779
1420,4,3,4,1,979167
3930,2,3,3,3,547275
4935,1,3,3,2,200619
4984,5,3,1,4,655950
3124,4,3,4,3,810416
4260,2,1,4,3,50005
2550,3,2,1,4,284152
4000,4,1,3,3,319182
1665,1,3,4,1,842846
875,1,2,1,2,530875
2533,3,1,3,4,905938
645,2,1,1,4,913018
4888,4,3,4,1,445822
931,2,1,1,2,852914
1204,1,1,2,1,804189
3132,2,1,3,2,252945
4994,1,1,2,1,608236
1463,2,1,2,3,402131
2734,3,3,3,1,272873
2541,5,3,3,4,272322
2328,3,1,1,4,70875
2608,3,3,3,4,325201
4568,5,3,2,1,82400
1438,5,2,2,4,514674
1306,4,1,4,4,118607
1963,4,3,3,3,923993
3915,3,3,2,3,339647
510,3,1,4,2,466981
2368,1,2,4,2,151096
1384,1,1,1,2,620900
4064,4,2,2,1,934750
1889,4,1,1,2,311538
3901,1,1,2,1,134335
4821,1,1,1,1,413133
1324,2,1,1,2,667300
2765,2,2,3,2,131748
1436,1,2,1,1,976932
3300,2,3,3,3,736779
3053,5,1,4,4,115195
4345,4,2,2,4,779055
2296,4,2,4,4,664134
553,1,2,2,3,676692
1226,3,1,4,1,351286
3236,1,3,2,2,835608
3670,2,2,1,1,121540
2413,3,1,2,1,743649
2096,2,2,2,2,389092
2414,5,2,4,3,895383
2966,2,3,4,4,61755
3237,5,2,4,4,827203
1349,5,2,3,1,430129
2609,2,1,3,3,658841
502,2,1,2,4,184962
4755,5,3,2,3,930808
4569,3,1,1,2,306760
1392,5,1,1,1,67175
2530,4,3,2,1,902119
3660,5,2,3,3,921415
2876,3,3,2,4,531503
2433,4,1,1,3,800071
1880,1,3,3,2,729648
4181,1,2,3,4,96629
1790,3,3,1,4,691067
2140,5,1,2,3,228872
3182,2,1,4,2,742727
1487,3,3,2,4,520970
1718,4,2,2,1,380657
1855,4,3,1,2,657050
4765,1,2,3,4,210094
4635,4,2,1,3,774689
2060,3,3,2,4,969163
1918,4,2,4,1,107941
1454,3,1,4,2,355617
1483,2,3,4,4,760958
1474,1,2,1,1,66040
4633,4,1,3,4,119806
4472,3,3,1,4,718646
1413,5,1,4,2,250211
536,1,1,2,3,686364
3887,2,1,3,3,105916
2211,3,2,1,1,722960
3520,2,3,1,1,445507
1295,2,3,3,1,456339
4536,4,2,3,2,840243
3611,4,3,2,3,605564
1824,3,1,3,1,235217
817,5,3,2,1,917481
2896,3,2,4,4,251750
2662,5,1,4,4,269854
3245,2,2,1,1,796403
2091,1,1,4,4,994218
3611,3,1,4,4,761045
4430,3,3,2,4,717554
2496,5,1,1,2,385206
1812,2,2,3,1,200434
1785,2,3,1,1,890931
4811,5,2,4,4,620569
2883,2,1,3,2,881284
3739,4,2,1,4,836408
2639,1,2,1,2,827981
2204,3,1,1,1,554869
862,1,3,1,4,753196
3104,3,2,2,1,578883
2216,4,1,1,2,670218
4951,2,3,4,3,196474
4786,5,3,4,2,311745
4238,4,3,2,3,770643
2969,1,2,3,1,404820
1056,5,2,3,1,748083
1325,2,2,4,4,232394
3308,4,3,4,3,752124
3219,5,2,2,2,468127
4008,4,1,3,1,796648
4241,4,2,3,3,855837
2074,2,2,1,2,108122
4498,3,3,1,3,804849
2629,5,2,1,2,282661
2903,2,1,2,2,703197
3829,4,3,4,2,315591
1088,2,1,2,2,234215
2512,3,3,3,3,60662
2047,5,3,4,3,506217
794,3,2,1,4,632570
2485,1,1,2,3,448115
3617,5,3,2,3,865014
2190,3,2,1,4,641759
1636,4,3,2,3,697801
2564,5,3,1,2,223285
4955,5,3,3,1,681866
1507,2,3,4,1,912303
3014,4,3,3,4,657493
4026,1,3,3,3,910513
1747,3,2,1,3,942215
4402,2,3,2,4,284631
1935,3,1,3,1,133805
1071,1,2,3,2,174698
2882,1,1,3,3,218902
1745,5,3,2,4,974570
2584,1,1,2,2,60712
777,3,3,1,4,393671
2387,4,3,3,4,965885
1765,4,2,4,4,701176
1540,5,2,2,1,806686
1417,3,3,1,1,568680
1385,3,2,3,4,246437
3252,1,1,4,3,661473
521,3,2,2,2,411995
3691,2,2,4,3,474022
2853,1,1,2,1,586498
1186,2,2,1,2,86972
784,5,3,4,4,811254
4247,4,1,3,3,346280
1262,5,3,3,3,487513
2928,4,1,2,4,952877
3007,5,3,3,3,852377
528,3,3,4,1,800561
1406,2,2,1,4,391324
3604,4,3,2,3,382597
4499,1,2,4,4,921836
3494,2,1,2,2,980728
3006,1,3,1,4,53052
4109,2,3,2,3,339416
4053,2,1,3,1,353294
1953,5,1,3,4,801564
3856,4,3,2,4,198388
1015,4,1,1,3,496605
538,2,2,1,1,712600
3842,3,1,3,1,933527
1386,3,1,1,2,380918
3344,1,3,2,2,879607
2704,1,2,4,3,443781
1598,5,1,2,1,66375
2323,2,2,3,1,599998
3701,1,2,3,2,755255
3655,1,2,3,2,828912
3593,2,3,1,3,720534
4030,5,1,2,1,419170
4278,1,3,4,4,530545
3396,5,1,2,2,77597
3953,4,1,4,3,386433
4011,5,3,2,1,481613
1488,3,2,3,1,135687
4616,3,2,4,2,168968
4526,5,1,2,3,614562
4679,3,3,1,4,517453
2182,4,2,1,2,253570
4463,2,2,2,3,481413
1433,3,1,3,1,622922
4098,3,1,4,4,866473
3733,5,3,2,3,974752
2480,4,1,1,4,397509
2355,2,2,4,3,969707
3556,5,2,1,3,888418
1292,5,2,1,3,861802
1291,4,2,2,3,347391
2309,2,3,1,4,960835
2755,4,3,4,2,431688
4110,2,1,3,4,256994
2107,4,1,2,3,830768
1484,5,1,4,4,443650
4176,5,3,2,4,637270
3880,1,2,1,4,901612
1019,3,1,1,3,682822
1090,4,2,4,4,739834
1550,1,1,4,1,336788
4133,3,1,3,3,612781
4944,4,1,4,4,395968
1459,2,1,4,1,564922
1192,3,1,2,4,971463
4399,5,2,1,2,883721
4973,1,1,4,4,978647
3446,3,2,3,4,482809
1026,3,3,4,2,482331
3724,5,1,1,3,816505
2753,4,2,4,2,727900
3844,2,3,2,3,347625
4465,5,3,1,2,276577
2375,2,3,4,4,651385
2263,4,2,2,4,859010
1020,3,1,1,3,980291
1516,2,1,4,3,384192
616,1,2,2,1,564771
2933,1,1,3,1,233951
1083,5,2,2,4,191668
894,4,1,3,4,503885
4288,5,3,4,1,463146
3268,5,1,2,1,229022
4667,5,2,3,3,932169
4360,1,2,1,2,330831
773,1,3,2,3,496049
2513,5,2,4,1,172540
4933,1,1,1,4,741349
1889,4,1,3,1,866615
4066,5,3,2,4,332902
665,1,2,2,4,706442
2067,2,3,4,4,812301
1228,5,1,1,4,670656
2543,5,3,2,2,620179
4697,4,2,2,1,96901
3996,3,3,1,3,526728
1278,3,2,2,4,416056
713,4,2,1,4,645350
4262,4,1,1,3,539838
2076,4,1,1,3,726923
2948,3,1,4,4,908440
3436,4,2,1,3,445991
3617,1,3,1,3,983332
1091,5,2,3,2,553528
3220,5,1,3,3,569149
1213,2,1,4,1,854406
1435,2,3,1,1,727748
4837,5,1,3,1,654879
501,1,1,3,4,302990
3348,3,1,2,1,330759
4544,3,3,1,2,72838
2449,1,2,3,1,352872
1417,3,1,4,4,690537
3674,4,3,2,2,652288
2741,5,1,2,1,364942
589,5,3,1,2,515992
2209,1,1,1,2,987126
2669,3,3,2,4,194608
4738,2,1,4,4,186772
3541,2,2,1,2,744199
605,3,1,1,1,846680
1386,2,3,2,4,95291
927,1,1,2,2,919061
2395,1,2,1,3,265963
816,3,1,3,3,175612
1134,2,3,1,4,591465
2425,1,3,3,1,462699
2556,1,2,2,3,93815
3644,4,3,3,3,874965
2770,4,1,4,3,836458
1939,1,1,2,1,154997
1052,3,1,1,1,110611
1215,5,3,1,4,661530
4411,5,1,2,4,467876
2213,1,1,2,3,760463
3889,1,1,4,1,417057
1607,1,2,2,2,92082
4706,3,3,1,3,197330
750,4,3,4,4,677901
2930,1,3,1,1,934747
2554,1,2,3,4,926122
958,2,3,2,4,145220
707,3,2,3,1,589677
1399,1,2,1,3,141860
3961,2,3,3,1,733045
3885,5,1,3,3,502436
521,1,1,1,4,994699
909,1,3,1,1,71797
1394,2,3,2,2,948407
1014,3,2,3,3,933601
4609,1,3,4,2,820227
2634,5,2,4,3,640620
4095,1,3,1,1,810943
3456,5,1,1,2,274997
2060,4,1,3,1,506123
1766,4,3,1,3,450404
2669,5,2,4,3,335840
4138,3,1,2,3,52024
1249,1,2,2,3,479201
3927,1,3,3,4,711944
2427,4,3,2,3,403142
4304,5,1,1,2,208116
4202,1,3,1,3,831627
2856,1,1,1,1,317429
2835,3,2,1,4,506331
806,2,1,3,2,843802
4165,4,1,2,4,67903
2489,4,2,4,4,737859
1161,2,1,2,4,934336
811,1,1,1,1,859427
3420,3,3,4,4,417304
1582,3,2,3,4,478416
3471,4,1,1,3,662665
1254,3,2,1,1,251474
4630,2,2,4,2,456782
852,1,1,3,2,874254
1402,2,3,4,2,419556
4388,5,2,3,1,887654
658,4,1,1,2,930520
2477,3,2,2,1,543301
1456,5,3,1,3,402594
2571,3,3,2,3,493884
903,1,3,2,1,683654
3279,1,1,3,2,422222
1887,1,1,4,1,638141
3953,3,3,3,1,235715
1455,5,1,1,4,960226
2212,1,3,4,1,203405
1773,5,1,2,4,459174
4311,3,3,2,3,626730
3125,5,2,1,4,464170
2882,3,3,4,1,280755
1941,3,3,1,3,583963
3479,4,1,1,4,139590
2297,3,1,3,1,420714
4890,3,1,1,3,343805
4509,2,1,4,4,638577
1894,1,1,1,1,67184
4781,4,1,4,1,884395
1769,4,2,2,2,731182
4214,4,3,1,2,505519
1029,2,3,4,4,257537
4123,3,3,2,4,841699
3458,1,2,4,4,233719
3414,5,3,2,1,899246
4091,3,2,3,4,872457
2647,2,2,1,1,171246
3869,3,2,1,4,389749
1439,3,3,2,1,706341
1025,2,2,3,1,879868
501,4,3,4,2,723832
874,4,3,3,3,200408
2840,1,1,4,1,730947
4505,1,1,4,4,913624
3552,4,2,1,2,287439
2865,5,2,2,4,957023
2025,3,3,1,4,396655
4976,5,2,1,1,583953
2146,3,2,1,1,732457
513,4,3,4,3,927709
2778,1,2,1,1,626762
3655,1,2,4,1,777333
629,5,3,2,3,468401
4314,1,3,4,4,125911
3716,4,1,4,3,142643
3438,5,3,3,3,866916
4428,3,1,1,3,309383
2540,1,2,1,2,413309
527,2,3,1,4,226682
2613,1,3,1,2,756167
1752,3,3,3,2,862267
4856,5,2,3,1,800639
2546,3,1,3,3,146453
4523,2,2,3,3,628078
4896,4,2,1,2,782320
3874,1,3,4,1,846075
3966,5,1,2,1,387990
3581,4,2,3,1,462167
4278,3,3,4,4,535320
1129,5,2,3,2,458449
769,4,2,1,4,587488
3139,5,3,1,1,626563
2493,2,3,4,1,519284
3391,2,1,4,1,925433
3932,1,2,4,3,726651
1780,1,3,1,2,354592
2860,2,3,1,3,998084
1075,5,1,2,4,665973
1807,2,1,4,3,464562
3692,1,3,2,2,847051
3678,2,1,3,3,679742
3234,2,3,2,1,576054
2712,5,2,3,4,839981
2852,4,1,3,4,724053
4068,1,2,2,1,505235
2155,5,2,4,1,540674
2079,2,2,3,1,830644
2703,2,3,4,2,944370
1890,4,2,1,3,964105
2242,1,2,3,4,543496
2425,1,2,1,3,884760
1119,3,3,2,1,520917
1774,1,2,4,1,270172
1456,4,2,2,3,75301
2439,3,1,3,4,619051
4453,3,3,1,2,201837
2881,2,2,3,3,881219
1468,2,1,2,1,957107
1816,1,3,4,1,57425
1543,3,3,4,2,325001
781,2,3,3,3,233843
3344,4,3,3,2,405143
1558,2,3,1,2,465660
4793,2,3,2,4,833849
3032,3,2,3,4,615745
4328,3,2,1,1,545496
1508,5,2,3,3,785101
1729,4,2,4,4,443920
1535,3,1,1,1,579740
775,1,2,1,3,161153
3240,4,3,3,1,875294
2789,4,2,2,4,242543
1739,3,2,4,1,529274
625,4,3,2,3,330444
4565,3,2,1,3,977070
4812,2,2,2,1,450717
4368,5,2,1,3,51845
1708,2,1,2,1,169342
3749,3,2,3,3,875613
1418,3,3,2,1,500479
4423,2,3,1,1,811654
4903,1,2,4,1,813292
2469,1,2,4,2,768398
3293,1,2,4,3,298850
1391,3,3,1,4,788650
4970,4,3,2,1,297688
2533,3,1,4,2,608692
1864,4,1,4,4,596852
628,2,1,4,1,672186
1514,5,3,3,4,330371
2299,4,1,1,2,570919
2018,1,2,1,4,145259
4681,3,2,1,1,174451
1698,2,3,1,4,490691
4373,1,1,1,4,67215
2974,2,2,3,1,180577
3985,5,3,2,2,832680
4549,3,1,3,2,121074
4219,3,2,4,4,989203
802,5,1,3,3,682909
4452,3,3,1,4,979958
1486,4,1,3,3,753577
2363,2,3,1,4,156759
4940,1,1,3,2,178471
3572,5,2,1,4,858143
3624,4,3,4,4,458275
1827,1,3,1,3,622686
2908,1,3,3,2,837718
4173,5,1,4,3,215369
3791,4,1,3,4,682592
4533,1,2,4,1,154959
1203,1,3,2,4,289317
1074,4,3,2,4,731845
3732,3,1,2,3,372111
3132,1,1,3,1,934235
4328,2,2,3,1,179745
3730,4,2,4,3,104583
988,1,1,4,2,698365
1847,5,3,4,1,494846
4181,2,2,4,1,161359
3673,1,1,1,3,601374
2167,2,1,2,2,721844
2137,2,3,1,2,773983
4614,3,1,1,4,678420
4053,2,1,1,4,565329
1500,3,2,1,3,109263
1350,4,1,2,2,724035
1888,3,1,1,3,956587
4212,5,2,4,4,110664
1867,1,3,3,3,467896
1321,4,3,4,3,984581
954,4,2,3,1,956906
2124,5,2,4,1,389112
3272,3,3,4,1,970995
4226,1,3,3,4,751486
3647,3,3,2,3,817018
4589,2,3,1,1,446608
2690,3,3,4,1,505473
1416,4,2,2,1,117804
4486,1,1,1,4,874832
3375,3,3,2,4,479767
1940,1,3,2,3,864520
4900,1,1,1,3,261087
1235,2,1,4,3,992969
4068,2,1,2,1,491371
3838,4,1,4,2,137893
3515,5,1,4,4,842401
3389,1,1,4,1,58981
1461,5,2,1,1,464248
3489,4,1,3,3,366235
4348,1,1,4,3,157154
1526,1,2,3,1,336552
4365,5,1,3,4,729601
3363,3,3,2,4,884372
3001,2,3,4,1,526154
2447,3,1,4,2,756465
1677,5,2,4,2,242122
511,2,3,3,4,53657
4899,3,2,1,3,857662
3864,2,3,3,2,986184
3522,1,1,4,2,263766
3871,3,2,4,3,659019
3330,2,2,4,2,223412
542,2,2,3,1,741310
1443,2,3,4,2,713227
2890,3,3,2,3,783902
3045,4,3,4,1,54329
2911,3,1,1,2,348009
1504,5,3,2,4,772300
520,3,1,4,1,569897
906,2,2,2,1,87869
1514,1,2,4,4,247977
4931,3,1,1,4,956617
2338,3,3,4,2,548185
3688,2,1,2,2,133984
1214,1,2,1,3,961604
4646,1,2,3,3,151069
4354,5,1,1,1,298577
4919,3,3,1,4,926143
640,1,3,1,4,378396
1463,1,1,2,3,391530
872,4,1,1,1,168728
4135,4,3,4,1,573846
3041,1,2,1,3,969215
4110,5,1,1,3,75801
2192,1,3,4,3,792647
605,2,3,4,2,809925
2181,3,2,3,1,664997
4597,5,2,1,1,365414
4516,2,2,2,1,514838
3136,5,2,1,3,891967
2637,2,2,1,3,305560
3916,3,1,4,3,818026
4945,3,3,3,3,782119
4030,4,1,1,4,66220
1786,2,1,2,3,325536
3679,4,1,1,2,528803
4154,2,1,2,4,445462
2859,4,1,4,4,332154
944,3,2,3,3,176951
535,5,2,1,1,380502
1975,4,3,3,3,533419
4457,2,1,1,1,198306
2298,2,3,2,3,932622
2345,3,2,3,3,690083
1908,2,2,1,1,492667
2208,1,2,4,1,959222
3438,5,1,2,1,175223
1800,4,1,3,1,572886
1743,5,2,1,2,649493
4476,3,3,3,1,465000
3597,4,3,1,3,997176
509,4,2,2,3,51082
2925,1,3,4,2,454364
2160,3,2,2,1,208566
3131,2,3,3,3,911525
1572,1,2,3,2,364096
3725,1,3,1,3,86719
1816,5,1,2,2,98737
4645,5,2,1,2,502669
4183,5,2,2,4,157271
3773,1,3,3,4,744896
645,2,2,1,1,231676
3540,4,2,1,4,494049
1962,5,2,2,2,981543
2084,2,1,4,3,642127
982,3,1,2,3,884363
3679,5,3,4,1,352069
1749,4,1,2,4,232075
1130,3,3,3,1,492113
1161,3,1,1,2,137745
4003,4,3,2,4,176298
3352,5,1,3,1,667997
2966,1,1,2,3,354431
1487,4,3,1,3,796086
2046,4,2,2,1,476228
1149,4,2,4,1,681540
1468,3,1,1,1,747143
3137,2,3,4,2,421467
1600,1,2,3,2,511531
940,5,3,3,3,789126
1269,5,2,2,2,489707
1843,2,3,4,2,270013
4858,4,1,4,4,501800
4229,1,3,1,2,849235
4406,5,2,4,4,230697
2077,5,1,4,2,693107
4508,4,3,1,3,929793
3851,2,2,1,1,63698
2849,1,1,4,3,65376
4102,2,3,2,2,526870
1741,2,2,1,1,325261
1625,1,3,1,1,286591
3101,1,3,4,1,481172
1690,5,1,4,4,98786
4631,5,1,1,3,687293
4948,1,2,4,4,268850
572,3,1,1,1,378624
2414,5,2,2,3,737055
2972,3,3,2,3,969015
3546,1,3,1,2,889665
1207,5,2,1,4,423166
2304,2,3,3,4,465718
4213,1,1,3,2,493226
3064,4,3,4,4,142529
2975,3,1,4,1,517121
4110,1,2,1,1,815784
4755,1,2,1,4,489705
3323,5,3,3,2,675207
2235,5,3,3,3,919965
2085,5,1,1,4,524381
566,4,1,2,3,999453
3561,5,3,2,2,522803
2928,1,3,4,3,536275
4653,5,2,1,2,772670
841,2,2,1,2,259870
3274,5,2,4,1,643695
3317,4,3,3,1,648097
3161,2,3,3,2,329373
1732,1,3,2,4,994889
4374,1,2,1,1,616464
2901,3,3,3,2,669113
1994,2,1,2,3,970764
4711,3,3,2,3,147555
1161,2,3,2,4,577433
4383,2,3,3,3,147289
4119,4,3,3,3,713162
2368,3,3,1,2,838695
2834,4,1,1,3,470129
3874,2,1,2,3,107788
1516,1,3,2,3,713515
4906,2,2,3,3,706282
707,4,3,3,2,777591
3165,3,3,1,3,201744
2993,3,3,1,4,219598
1132,4,2,4,1,881776
2602,3,2,1,4,959251
3459,5,2,3,1,462230
3583,1,1,2,4,647640
2431,1,2,4,1,534495
4219,1,1,1,1,352468
3062,3,1,1,1,557745
2179,3,2,3,1,930507
736,2,2,4,2,276710
4943,2,2,1,4,744058
2040,1,1,2,1,913601
4443,5,3,3,4,859816
863,2,2,4,3,577800
2868,2,2,1,1,973570
785,3,2,1,4,736860
648,5,1,4,2,173775
4537,1,1,3,4,128743
2266,2,3,4,1,397786
1512,5,2,4,3,441731
3331,5,1,3,4,654146
3007,1,3,1,3,629088
2023,5,2,2,2,506356
3285,5,1,3,4,674652
3056,5,2,2,4,555533
4225,2,2,1,2,314531
2101,1,1,4,2,237232
2908,5,1,2,2,778927
840,5,1,1,1,182871
3317,2,2,1,1,169095
2996,1,2,4,4,609836
2225,3,3,4,4,140450
2189,2,2,1,4,679957
3767,1,1,1,3,916603
4906,5,2,2,2,483595
761,1,3,1,4,357558
1942,1,3,1,2,647359
905,1,1,2,1,687096
2690,3,1,3,2,550884
4937,1,3,2,3,128591
743,3,3,2,3,798501
4607,5,3,4,2,316441
1060,3,1,2,3,683801
4637,5,3,1,3,965100
3225,5,3,1,1,922911
1093,3,1,1,4,148752
2326,2,2,3,3,186080
3729,4,2,1,4,267885
3787,1,3,3,2,427625
4573,4,2,1,2,197892
633,1,2,2,3,514764
3638,1,2,4,2,203325
4419,5,2,1,1,472418
572,1,3,3,3,996740
4994,1,2,3,3,641444
4725,3,2,4,3,817248
3478,4,1,1,2,110263
4861,3,3,2,2,955428
2485,1,1,1,3,673540
1292,5,1,1,4,168632
4759,3,3,4,2,911287
594,3,2,1,2,66575
1633,2,1,2,3,324348
737,1,3,3,4,61952
3446,5,2,4,3,569826
3030,3,3,2,2,133323
2460,3,1,3,3,756502
1548,5,2,4,3,214944
3029,1,2,4,3,734736
3464,2,3,3,4,771444
1463,3,2,3,3,192712
1036,2,1,2,2,338581
4723,4,1,1,3,177129
4179,1,1,1,4,924113
4687,4,3,1,1,828810
4224,4,2,1,4,582191
1042,4,2,1,3,264776
1345,1,2,2,1,601151
4103,1,1,4,3,355525
3536,5,2,2,4,864980
2994,2,1,2,1,493172
4985,2,2,2,1,585755
3219,5,1,4,3,370098
2384,5,2,2,3,336045
4638,4,3,2,4,859733
4849,5,3,4,3,961118
3701,3,1,2,1,807902
3210,2,1,1,2,921612
2453,5,2,3,2,644191
4350,3,2,2,4,416099
1189,3,3,3,3,983708
2450,3,2,2,4,594043
956,3,1,2,2,371961
2630,4,1,1,2,838525
4476,3,1,4,3,306094
4744,4,1,3,1,512753
1679,4,1,4,3,932751
4785,3,3,1,2,335084
4065,2,3,1,1,749400
1382,3,1,3,4,703002
899,3,2,4,2,141544
1108,3,1,1,4,658725
2138,2,3,2,1,405113
2648,1,1,2,4,157001
1882,1,3,2,2,137725
1903,4,3,4,3,427928
1319,4,1,2,4,160675
3792,2,1,2,2,144266
1319,5,2,1,2,321380
919,1,3,1,1,909029
4719,4,2,2,2,265196
3802,1,1,2,3,184974
2008,2,3,1,3,673944
1267,2,2,3,4,346508
2544,5,2,4,4,681359
2639,5,2,4,4,406554
3529,2,1,1,4,201168
2049,4,1,4,3,193092
2264,1,1,1,1,632761
3145,3,3,1,4,291472
4216,5,1,1,1,356297
4981,3,3,1,2,222349
2793,4,2,3,2,350646
3208,5,2,2,4,65675
1400,3,1,2,2,991869
3584,4,2,3,1,168384
2509,1,1,4,1,128229
741,4,3,4,2,663337
2885,5,2,2,4,757508
4768,2,1,4,1,401301
1171,1,2,2,1,270319
663,3,2,2,3,679999
964,5,1,3,4,684378
3542,2,2,4,3,929753
2942,4,2,3,2,776262
2855,2,2,2,2,862897
4778,5,2,2,3,868718
3057,5,3,2,4,104795
1045,2,2,1,1,420283
4335,4,2,1,2,784543
1093,2,1,1,4,153845
4304,5,3,3,4,362130
1959,5,1,2,2,387540
3993,3,1,4,2,891610
3101,3,1,3,4,847177
2944,1,3,3,1,828520
3172,5,1,3,3,303730
4700,3,1,4,2,253426
516,2,1,2,3,916069
3691,4,2,1,4,972532
892,2,1,2,3,279333
924,4,3,2,1,622854
1071,3,3,3,4,880154
4131,1,2,3,1,923055
1620,2,3,3,4,423218
741,2,3,1,1,649262
4397,2,2,1,4,526908
4595,4,1,1,1,396228
2779,3,2,2,4,220951
1288,2,1,3,1,467983
1214,2,1,4,4,298595
3349,1,3,2,1,953785
1275,1,2,1,2,678705
4526,3,3,4,3,904531
2747,3,3,4,4,229729
578,5,1,3,1,189570
4426,1,3,4,2,254739
1355,5,2,1,4,337251
2648,4,3,3,4,734153
1531,5,3,4,4,970200
3771,2,1,3,3,890271
4076,5,2,4,1,663529
4682,3,3,2,1,597685
3956,4,1,2,4,581992
4006,2,3,1,4,852874
907,5,2,2,4,769148
3211,4,3,2,2,179576
3588,4,3,2,4,59765
2168,2,1,4,3,427972
647,5,3,4,1,60002
4827,4,1,3,3,834141
4397,4,2,4,4,847822
2450,1,3,2,2,225508
865,4,2,4,4,308446
2174,1,2,1,4,527698
4994,5,3,3,4,295620
3046,5,1,3,4,580929
1062,5,2,4,4,476925
4062,3,2,2,1,161119
2989,5,3,3,3,482525
